<launch>

  <arg name="model" default="$(find urdf_tutorial)/urdf/04-materials.urdf"/>
  <arg name="gui" default="true" />

  <param name="robot_description" command="$(find xacro)/xacro.py $(arg model)" />
  <param name="use_gui" value="$(arg gui)"/>

  <node name="joint_state_publisher_gui" pkg="joint_state_publisher_gui" type="jjoint_state_publisher_gui" />
  <node name="robot_state_publisher" pkg="robot_state_publisher" type="state_publisher" />




  <arg name="rvizconfig" default="$(find urdf_tutorial)/rviz/robot111.rviz" />

  <node pkg="rviz2" exec="rviz2">
      <param name="arguments" value="-d /$(arg rvizconfig)"/>
  </node>

</launch>
